user,label,n_epochs,window_size,duration,num_classes,size,accuracy,bal_acc,precision,recall,f1_score_macro,f1_score_micro
all,attention,1000,60,184.05670142173767,5,42089,0.20440435794818076,0.17325587031901254,0.18337336732735504,0.17325587031901254,0.1411795109332234,0.20440435794818076
