user,label,n_epochs,window_size,duration,num_classes,size,accuracy,bal_acc,precision,recall,f1_score_macro,f1_score_micro
all,attention,1000,120,124.13867712020874,5,20751,0.2443671253622227,0.19495836122033516,0.1701211745978842,0.19495836122033516,0.14316797039628085,0.2443671253622227
