label,train_acc,test_acc,user
attention,61.145926589077895,67.5,1
interest,67.94986571172784,65.0,1
effort,69.11369740376007,63.21428571428571,1
