label,train_acc,test_acc,user
attention,57.74395702775291,61.07142857142858,1
interest,64.72694717994628,64.28571428571429,1
effort,63.0259623992838,51.78571428571429,1
