model,user,label,n_epochs,window_size,duration,num_classes,size,multiple,sigma,bandpass,class_type,accuracy,bal_acc,precision,recall,f1_score_macro,f1_score_micro
deep,all,attention,100,120,1089.2386755943298,2,20751,,,False,binary,0.5937922536270183,0.4895978322698912,0.48553731799486277,0.4895978322698912,0.4696857242246938,0.5937922536270183
deep,all,interest,100,120,1075.742372751236,2,20751,,,False,binary,0.6465329691308886,0.4951854790171085,0.40376952666206006,0.4951854790171085,0.42817835145053146,0.6465329691308886
deep,all,effort,100,120,1559.274083852768,2,20751,,,False,binary,0.5502040172110348,0.5175968864105523,0.47728750152718397,0.5175968864105523,0.46680372139538945,0.5502040172110348
