model,user,label,n_epochs,window_size,duration,num_classes,size,multiple,sigma,bandpass,class_type,accuracy,bal_acc,precision,recall,f1_score_macro,f1_score_micro
deep,all,attention,100,120,1409.0405142307281,2,20751,,,False,binary,0.6078166635749234,0.49857832222786874,0.43447211409018055,0.49857832222786874,0.45356024595558697,0.6078166635749234
deep,all,interest,100,120,1335.4220883846283,2,20751,,,False,binary,0.6469386758715049,0.47731872408818604,0.4345863378761602,0.47731872408818604,0.4324219133843233,0.6469386758715049
deep,all,effort,100,120,1208.279317855835,2,20751,,,False,binary,0.5744185794523605,0.5379089190717584,0.49757116888410174,0.5379089190717584,0.48551604618674365,0.5744185794523605
