model,user,label,n_epochs,window_size,duration,num_classes,size,accuracy,bal_acc,precision,recall,f1_score_macro,f1_score_micro
deep,all,attention,100,120,1076.4544208049774,5,20751,0.2183420343434721,0.17810952084809165,0.13757967908525903,0.17810952084809165,0.1375400540415827,0.21834203434347205
deep,all,interest,100,120,994.3396902084351,5,20751,0.2142560942852886,0.2005311692759902,0.19037071161252925,0.2005311692759902,0.1576545597909212,0.2142560942852886
deep,all,effort,100,120,1056.2771079540253,5,20751,0.2822365000848757,0.1985385690744077,0.13525451965551852,0.1985385690744077,0.1456226561646649,0.2822365000848757
