label,train_acc,test_acc,user
attention,57.14285714285714,50.36496350364964,1
interest,41.94139194139194,48.175182481751825,1
effort,29.304029304029307,42.33576642335766,1
