label,train_acc,test_acc,user
attention,26.373626373626376,27.73722627737226,1
interest,34.24908424908425,33.57664233576642,1
effort,23.626373626373624,21.16788321167883,1
