model,user,label,n_epochs,window_size,duration,num_classes,size,multiple,sigma,bandpass,class_type,accuracy,bal_acc,precision,recall,f1_score_macro,f1_score_micro
shallow,all,attention,100,120,1334.1097629070282,5,20751,,,True,multi,0.24436117304957503,0.20991366307801643,0.19557686548588982,0.20991366307801643,0.1639851291802869,0.24436117304957503
shallow,all,interest,100,120,1171.2656211853027,5,20751,,,True,multi,0.22742983535931716,0.21041075271708518,0.18521096623152525,0.21041075271708518,0.16509455206290374,0.22742983535931716
shallow,all,effort,100,120,1154.1944844722748,5,20751,,,True,multi,0.3390600030114995,0.20549166375512687,0.15279118223314775,0.20549166375512687,0.146963436870621,0.3390600030114995
