model,user,label,n_epochs,window_size,duration,num_classes,size,accuracy,bal_acc,precision,recall,f1_score_macro,f1_score_micro
shallow,all,attention,100,120,1300.0150315761566,5,20751,0.22565557909562414,0.19403593008626244,0.1860663160333386,0.19403593008626244,0.1591869012975781,0.22565557909562414
shallow,all,interest,100,120,1108.8652439117432,5,20751,0.21348447602004667,0.18150614028583795,0.13813040946701388,0.18150614028583795,0.13897554565067477,0.21348447602004667
shallow,all,effort,100,120,1204.8917751312256,5,20751,0.33267866355935016,0.2202476293922982,0.15723214456307383,0.2202476293922982,0.15723031145592345,0.33267866355935016
