model,user,label,n_epochs,window_size,duration,num_classes,size,accuracy,bal_acc,precision,recall,f1_score_macro,f1_score_micro
shallow,all,attention,100,120,1008.9882123470306,5,20751,0.2237872191743251,0.2017738021088241,0.15646122292086503,0.2017738021088241,0.14239989537575418,0.2237872191743251
shallow,all,interest,100,120,1130.3732504844666,5,20751,0.23916664100862794,0.21635403826233243,0.16334710020597773,0.21635403826233243,0.17127079395964084,0.23916664100862794
shallow,all,effort,100,120,1178.8885283470154,5,20751,0.3295113874284809,0.2123526232443757,0.1280332879484965,0.2123526232443757,0.1475562997563322,0.3295113874284809
