model,user,label,n_epochs,window_size,duration,num_classes,size,multiple,sigma,bandpass,class_type,accuracy,bal_acc,precision,recall,f1_score_macro,f1_score_micro
shallow,all,attention,100,120,1285.138394832611,2,20751,,,False,binary,0.6293229211127681,0.5052797461017116,0.45194781352936203,0.5052797461017116,0.42471133089013335,0.6293229211127681
shallow,all,interest,100,120,1034.5140731334686,2,20751,,,False,binary,0.6777608708040557,0.49854450684959034,0.3976153500286518,0.49854450684959034,0.42767480099220323,0.6777608708040557
shallow,all,effort,100,120,1053.0651988983154,2,20751,,,False,binary,0.5686358957387551,0.5188073491319395,0.5386554506378527,0.5188073491319395,0.49983555128034834,0.5686358957387551
