model,user,label,n_epochs,window_size,duration,num_classes,size,multiple,sigma,bandpass,class_type,accuracy,bal_acc,precision,recall,f1_score_macro,f1_score_micro
deep,all,attention,100,120,1096.2379143238068,5,20751,,,False,multi,0.2154188500226529,0.17793318199329985,0.11908660956750741,0.17793318199329985,0.11561542655923818,0.2154188500226529
deep,all,interest,100,120,1019.3867328166962,5,20751,,,False,multi,0.1688914330911965,0.15152739966197745,0.11515519855156968,0.15152739966197745,0.10597673155800227,0.1688914330911965
deep,all,effort,100,120,1002.9591546058655,5,20751,,,False,multi,0.2581759029734504,0.1814342936069801,0.14366229098540242,0.1814342936069801,0.14190168769881248,0.2581759029734504
