model,user,label,n_epochs,window_size,duration,num_classes,size,multiple,sigma,bandpass,class_type,accuracy,bal_acc,precision,recall,f1_score_macro,f1_score_micro
deep,all,attention,100,120,1153.3700754642487,5,20751,,,True,multi,0.21112169512285686,0.2162159671275453,0.13732412941925065,0.2162159671275453,0.15465689321024603,0.21112169512285686
deep,all,interest,100,120,1047.7006390094757,5,20751,,,True,multi,0.22527570226753713,0.19283811297686393,0.13493302793226777,0.19283811297686393,0.13792647436629385,0.22527570226753713
deep,all,effort,100,120,1123.2184121608734,5,20751,,,True,multi,0.3497533686000137,0.2224431881067713,0.18428048644151337,0.2224431881067713,0.1737481382466461,0.3497533686000137
