model,user,label,n_epochs,window_size,duration,num_classes,size,accuracy,bal_acc,precision,recall,f1_score_macro,f1_score_micro
deep,all,attention,100,120,1129.1305751800537,5,20751,0.23430735571991446,0.18702211247240505,0.1671242385225949,0.18702211247240505,0.13674384872874995,0.23430735571991446
deep,all,interest,100,120,1071.9505650997162,5,20751,0.1839982015341866,0.18437079995348832,0.15946034620578015,0.18437079995348832,0.11506620495562622,0.1839982015341866
deep,all,effort,100,120,1117.1590838432312,5,20751,0.3260577185197694,0.22152057416090085,0.23256871751908847,0.22152057416090085,0.17869457990920767,0.3260577185197694
