model,user,label,n_epochs,window_size,duration,num_classes,size,multiple,sigma,bandpass,class_type,accuracy,bal_acc,precision,recall,f1_score_macro,f1_score_micro
Hybrid,all,attention,500,120,219.61580276489258,5,20751,,,False,multi,0.26629191971018845,0.21190112166567765,0.15798161393933996,0.21190112166567765,0.15809091918901774,0.26629191971018845
Hybrid,all,attention,500,120,145.1504189968109,5,20751,,,False,multi,0.24453928780317594,0.20578196514146127,0.18303781708972824,0.20578196514146127,0.16863447983249713,0.24453928780317594
Hybrid,all,attention,500,120,112.96752119064331,5,20751,,,False,multi,0.22088367006756143,0.19311756560659038,0.1689326504479735,0.19311756560659038,0.15222548987926782,0.22088367006756143
Hybrid,all,attention,500,120,129.03255009651184,5,20751,,,False,multi,0.21664043078504697,0.18881314961776485,0.15429599870819652,0.18881314961776485,0.1453458594084563,0.21664043078504697
Hybrid,all,attention,500,120,104.39382338523865,5,20751,,,False,multi,0.22505518411403722,0.1885198951340779,0.18512384326770212,0.1885198951340779,0.1259211024852663,0.22505518411403722
Hybrid,all,attention,500,120,121.19580864906311,5,20751,,,False,multi,0.24517753335392597,0.20151371483018413,0.15893618618244199,0.20151371483018413,0.14417613118512307,0.24517753335392597
