user,label,n_epochs,window_size,time,num_classes,size,accuracy,bal_acc,precision,recall,f1_score_macro,f1_score_micro
all,attention,50,30,15205.027881860733,5,84770,0.2105285160768085,0.178483425590946,0.17753406494994256,0.178483425590946,0.1568599085140308,0.2105285160768085
all,interest,50,30,15218.429250717163,5,84770,0.23569359878432952,0.1968947100478645,0.20248817942744674,0.1968947100478645,0.1699546465997452,0.23569359878432952
all,effort,50,30,15222.28663778305,5,84770,0.20884739775598163,0.15938596171733527,0.15029426529726245,0.15938596171733527,0.1403991893577396,0.20884739775598163
