user,label,n_epochs,window_size,duration,num_classes,size,accuracy,bal_acc,precision,recall,f1_score_macro,f1_score_micro
all,attention,1000,120,1378.6118228435516,5,20751,0.1886934608071212,0.1815916960547586,0.133745508183024,0.1815916960547586,0.13552946098685467,0.1886934608071212
all,interest,1000,120,1229.4644062519073,5,20751,0.2040653627802786,0.19270264607256452,0.1950513677280282,0.19270264607256452,0.13122435744081962,0.2040653627802786
all,effort,1000,120,1398.9406456947327,5,20751,0.3357907794185864,0.19280085244062056,0.1144657664059362,0.19280085244062056,0.13014969160152653,0.3357907794185864
