model,user,label,n_epochs,window_size,duration,num_classes,size,accuracy,bal_acc,precision,recall,f1_score_macro,f1_score_micro
shallow,all,attention,100,120,1067.4283673763275,5,20751,0.19605998127840032,0.21047903636812776,0.20633388112826462,0.21047903636812776,0.15880905065315531,0.19605998127840032
shallow,all,interest,100,120,1245.4220628738403,5,20751,0.23841854214362815,0.2150276125208245,0.15158852716801502,0.2150276125208245,0.155913582390859,0.23841854214362815
shallow,all,effort,100,120,1423.59716796875,5,20751,0.3265734305337863,0.2300844168216452,0.15079874777655927,0.2300844168216452,0.1643867264042958,0.3265734305337863
