model,user,label,n_epochs,window_size,duration,num_classes,size,multiple,sigma,bandpass,class_type,accuracy,bal_acc,precision,recall,f1_score_macro,f1_score_micro
shallow,all,attention,100,120,1371.3005249500275,5,20751,,,False,multi,0.19972177857194692,0.18511215965574238,0.13303587893790125,0.18511215965574238,0.13150020210205562,0.19972177857194692
shallow,all,interest,100,120,1325.9061543941498,5,20751,,,False,multi,0.23426180023433146,0.20356189038261197,0.18311730025824768,0.20356189038261197,0.14496006553607144,0.23426180023433146
shallow,all,effort,100,120,1084.1427447795868,5,20751,,,False,multi,0.29090089781358464,0.18535247460346477,0.1423487881400867,0.18535247460346477,0.12751519611375128,0.29090089781358464
