user,label,num_classes,accuracy,bal_acc,precision,recall,f1_score_macro,f1_score_micro
all,attention,5,0.8675537295304451,0.8789849348891272,0.8725312242957776,0.8789849348891272,0.8755559077600303,0.8675537295304451
all,interest,5,0.8715138780945983,0.8746658621275489,0.8770249830970883,0.8746658621275489,0.8757885210871906,0.8715138780945983
all,effort,5,0.8750327083276378,0.8755862286685685,0.8845199803764648,0.8755862286685685,0.8795119236201074,0.8750327083276379
