user,label,n_epochs,window_size,time,num_classes,accuracy,bal_acc,precision,recall,f1_score_macro,f1_score_micro
1,attention,100,60,73.57354831695557,5,0.5133928571428571,0.595009597724738,0.5230661535747962,0.595009597724738,0.4833406767218501,0.5133928571428571
