user,label,num_classes,accuracy,bal_acc,precision,recall,f1_score_macro,f1_score_micro
1,attention,5,0.48123620309050774,0.3945243454034292,0.3709857895727461,0.3945243454034292,0.3777551147150986,0.48123620309050774
