label,train_acc,test_acc,user
attention,25.09157509157509,31.386861313868614,1
interest,31.135531135531135,32.846715328467155,1
effort,23.26007326007326,24.817518248175183,1
