model,user,label,n_epochs,window_size,duration,num_classes,size,multiple,sigma,bandpass,class_type,accuracy,bal_acc,precision,recall,f1_score_macro,f1_score_micro
Hybrid,all,attention,100,120,2864.508989095688,5,517144,30,0.5,False,multi,0.2292458506823971,0.19459713748895816,0.16412622103762833,0.19459713748895816,0.14770840982534125,0.2292458506823971
Hybrid,all,interest,100,120,2766.7323274612427,5,517144,30,0.5,False,multi,0.22561507798752128,0.18531583289268255,0.16325945924078705,0.18531583289268255,0.13988557012916092,0.22561507798752128
Hybrid,all,effort,100,120,2884.148919582367,5,517144,30,0.5,False,multi,0.3180665860123939,0.18449243352466543,0.15103083745355633,0.18449243352466543,0.1382477206780797,0.3180665860123939
